"concept_id","concept_code","concept_name","vocabulary_id"
42628455,"1029674","Dialysis Circuit Procedures","CPT4"
45889365,"1012740","Dialysis Services and Procedures","CPT4"
2213577,"90947","Dialysis procedure other than hemodialysis (eg, peritoneal dialysis, hemofiltration, or other continuous renal replacement therapies) requiring repeated evaluations by a physician or other qualified health care professional, with or without substantial re","CPT4"
2213576,"90945","Dialysis procedure other than hemodialysis (eg, peritoneal dialysis, hemofiltration, or other continuous renal replacement therapies), with single evaluation by a physician or other qualified health care professional","CPT4"
2106278,"3066F","Documentation of treatment for nephropathy (eg, patient receiving dialysis, patient being treated for ESRD, CRF, ARF, or renal insufficiency, any visit to a nephrologist) (DM)","CPT4"
45889335,"1019322","End-stage renal disease (ESRD) related services for dialysis less than a full month of service, per day","CPT4"
2213596,"90969","End-stage renal disease (ESRD) related services for dialysis less than a full month of service, per day; for patients 12-19 years of age","CPT4"
2213595,"90968","End-stage renal disease (ESRD) related services for dialysis less than a full month of service, per day; for patients 2-11 years of age","CPT4"
2213597,"90970","End-stage renal disease (ESRD) related services for dialysis less than a full month of service, per day; for patients 20 years of age and older","CPT4"
2213594,"90967","End-stage renal disease (ESRD) related services for dialysis less than a full month of service, per day; for patients younger than 2 years of age","CPT4"
2213592,"90965","End-stage renal disease (ESRD) related services for home dialysis per full month, for patients 12-19 years of age to include monitoring for the adequacy of nutrition, assessment of growth and development, and counseling of parents","CPT4"
2213591,"90964","End-stage renal disease (ESRD) related services for home dialysis per full month, for patients 2-11 years of age to include monitoring for the adequacy of nutrition, assessment of growth and development, and counseling of parents","CPT4"
2213593,"90966","End-stage renal disease (ESRD) related services for home dialysis per full month, for patients 20 years of age and older","CPT4"
2213590,"90963","End-stage renal disease (ESRD) related services for home dialysis per full month, for patients younger than 2 years of age to include monitoring for the adequacy of nutrition, assessment of growth and development, and counseling of parents","CPT4"
42628419,"G6","Esrd patient for whom less than six dialysis sessions have been provided in a month","CPT4"
45889749,"1006747","Hemodialysis Access, Intervascular Cannulation for Extracorporeal Circulation, or Shunt Insertion Procedures on Arteries and Veins","CPT4"
45889034,"1012752","Hemodialysis Procedures","CPT4"
2213573,"90937","Hemodialysis procedure requiring repeated evaluation(s) with or without substantial revision of dialysis prescription","CPT4"
2213572,"90935","Hemodialysis procedure with single evaluation by a physician or other qualified health care professional","CPT4"
42739891,"99559","Home infusion of peritoneal dialysis, per diem (Deprecated)","CPT4"
2514586,"99512","Home visit for hemodialysis","CPT4"
42628316,"AX","Item furnished in conjunction with dialysis services","CPT4"
45888999,"1012757","Miscellaneous Dialysis Services and Procedures","CPT4"
45888492,"1019071","Other Dialysis Procedures","CPT4"
2108568,"4055F","Patient receiving peritoneal dialysis (ESRD)","CPT4"
42628378,"CB","Service ordered by a renal dialysis facility (rdf) physician as part of the esrd beneficiary's dialysis benefit, is not part of the composite rate, and is separately reimbursable","CPT4"
2213601,"90999","Unlisted dialysis procedure, inpatient or outpatient","CPT4"
40218482,"C1152","Access system, dialysis, lifesite access system (Deprecated)","HCPCS"
2614980,"A4708","Acetate concentrate solution, for hemodialysis, per gallon","HCPCS"
2614981,"A4709","Acid concentrate, solution, for hemodialysis, per gallon","HCPCS"
2614974,"A4680","Activated carbon filter for hemodialysis, each","HCPCS"
2616966,"E1530","Air bubble detector for hemodialysis, each, replacement","HCPCS"
2616974,"E1592","Automatic intermittent peritoneal dialysis system","HCPCS"
2616968,"E1550","Bath conductivity meter for hemodialysis, each","HCPCS"
2614979,"A4707","Bicarbonate concentrate, powder, for hemodialysis, per packet","HCPCS"
2614978,"A4706","Bicarbonate concentrate, solution, for hemodialysis, per gallon","HCPCS"
2616969,"E1560","Blood leak detector for hemodialysis, each, replacement","HCPCS"
2616979,"E1620","Blood pump for hemodialysis, replacement","HCPCS"
2616963,"E1500","Centrifuge, for dialysis","HCPCS"
40218710,"K0614","Chemicals/antiseptics solution used to clean/sterilize dialysis equipment, per 8 ounces (Deprecated)","HCPCS"
2614973,"A4674","Chemicals/antiseptics solution used to clean/sterilize dialysis equipment, per 8 oz","HCPCS"
40217396,"A4790","Cleansing agents for equipment for dialysis only (Deprecated)","HCPCS"
1552696,"M1265","Cms medical evidence form 2728 for dialysis patients: initial form completed","HCPCS"
40217663,"A4900","Continuous ambulatory peritoneal dialysis (CAPD) supply kit (Deprecated)","HCPCS"
40217664,"A4901","Continuous cycling peritoneal dialysis (CCPD) supply kit (Deprecated)","HCPCS"
2615018,"A4890","Contracts, repair and maintenance, for hemodialysis equipment","HCPCS"
2616975,"E1594","Cycler dialysis machine for peritoneal dialysis","HCPCS"
2616978,"E1615","Deionizer water purification system, for hemodialysis","HCPCS"
2616976,"E1600","Delivery and/or installation charges for hemodialysis equipment","HCPCS"
40663931,"G8575","Developed postoperative renal failure or required dialysis","HCPCS"
2615001,"A4765","Dialysate concentrate, powder, additive for peritoneal dialysis, per packet","HCPCS"
2615002,"A4766","Dialysate concentrate, solution, additive for peritoneal dialysis, per 10 ml","HCPCS"
2615860,"C1881","Dialysis access system (implantable)","HCPCS"
2616990,"E1699","Dialysis equipment, not otherwise specified","HCPCS"
1314323,"G0491","Dialysis procedure at a medicare certified esrd facility for acute kidney injury without esrd","HCPCS"
1314324,"G0492","Dialysis procedure with single evaluation by a physician or other qualified health care professional for acute kidney injury without esrd","HCPCS"
45754745,"P9A","Dialysis services (medicare fee schedule)","HCPCS"
45754746,"P9B","Dialysis services (non-medicare fee schedule)","HCPCS"
2614975,"A4690","Dialyzer (artificial kidneys), all types, all sizes, for hemodialysis, each","HCPCS"
44786436,"G9231","Documentation of end stage renal disease (esrd), dialysis, renal transplant before or during the measurement period or pregnancy during the measurement period","HCPCS"
2615023,"A4911","Drain bag/bottle, for dialysis, each","HCPCS"
2617400,"G0322","END STAGE RENAL DISEASE (ESRD) RELATED SERVICES FOR HOME DIALYSIS PATIENTS PER FULL MONTH; FOR PATIENTS TWELVE TO NINETEEN YEARS OF AGE TO INCLUDE MONITORING FOR ADEQUACY OF NUTRITION, ASSESSMENT OF GROWTH AND DEVELOPMENT, AND COUNSELING O... (Deprecated)","HCPCS"
2617401,"G0323","END STAGE RENAL DISEASE (ESRD) RELATED SERVICES FOR HOME DIALYSIS PATIENTS PER FULL MONTH; FOR PATIENTS TWENTY YEARS OF AGE AND OLDER (Deprecated)","HCPCS"
2617399,"G0321","END STAGE RENAL DISEASE (ESRD) RELATED SERVICES FOR HOME DIALYSIS PATIENTS PER FULL MONTH; FOR PATIENTS TWO TO ELEVEN YEARS OF AGE TO INCLUDE MONITORING FOR ADEQUACY OF NUTRITION, ASSESSMENT OF GROWTH AND DEVELOPMENT, AND COUNSELING OF PAR... (Deprecated)","HCPCS"
2617398,"G0320","END STAGE RENAL DISEASE (ESRD) RELATED SERVICES FOR HOME DIALYSIS PATIENTS PER FULL MONTH; FOR PATIENTS UNDER TWO YEARS OF AGE TO INCLUDE MONITORING FOR ADEQUACY OF NUTRITION, ASSESSMENT OF GROWTH AND DEVELOPMENT, AND COUNSELING OF PARENTS (Deprecated)","HCPCS"
2617544,"G8075","End stage renal disease patient with documented dialysis dose of urr greater than or equal to 65% (or kt/v greater than or equal to 1.2) (Deprecated)","HCPCS"
2617545,"G8076","End stage renal disease patient with documented dialysis dose of urr less than 65% (or kt/v less than 1.2) (Deprecated)","HCPCS"
2617493,"G6","Esrd patient for whom less than six dialysis sessions have been provided in a month","HCPCS"
40218608,"E1638","Heating pad, for peritoneal dialysis, any size, each (Deprecated)","HCPCS"
40217661,"A4820","Hemodialysis kit supplies (Deprecated)","HCPCS"
2616973,"E1590","Hemodialysis machine","HCPCS"
40664693,"G8714","Hemodialysis treatment performed exactly three times per week for > 90 days (Deprecated)","HCPCS"
40664745,"G8715","Hemodialysis treatment performed less than three times per week or greater than three times per week (Deprecated)","HCPCS"
40217397,"A4850","Hemostats with rubber tips for dialysis (Deprecated)","HCPCS"
2721479,"S9335","Home therapy, hemodialysis; administrative services, professional pharmacy services, care coordination, and all necessary supplies and equipment (drugs and nursing services coded separately), per diem","HCPCS"
2721482,"S9339","Home therapy; peritoneal dialysis, administrative services, professional pharmacy services, care coordination and all necessary supplies and equipment (drugs and nursing visits coded separately), per diem","HCPCS"
2614996,"A4737","Injectable anesthetic, for dialysis, per 10 ml","HCPCS"
40217665,"A4905","Intermittent peritoneal dialysis (IPD) supply kit (Deprecated)","HCPCS"
2615429,"AX","Item furnished in conjunction with dialysis services","HCPCS"
40217659,"A4735","Local/topical anesthetics for dialysis only (Deprecated)","HCPCS"
40217395,"A4655","Needles and syringes for dialysis (Deprecated)","HCPCS"
40664307,"G8576","No postoperative renal failure/dialysis not required","HCPCS"
40217666,"A4910","Non-medical supplies for dialysis, (i.e., scale, scissors, stopwatch, etc.) (Deprecated)","HCPCS"
915649,"G9523","Patient discontinued from hemodialysis or peritoneal dialysis (Deprecated)","HCPCS"
43533282,"G8957","Patient not receiving maintenance hemodialysis in an outpatient dialysis facility (Deprecated)","HCPCS"
40664909,"G8727","Patient receiving hemodialysis, peritoneal dialysis or kidney transplantation (Deprecated)","HCPCS"
43533281,"G8956","Patient receiving maintenance hemodialysis in an outpatient dialysis facility","HCPCS"
1552855,"M1264","Patients age 75 or older on their initiation of dialysis date","HCPCS"
1552854,"M1263","Patients in hospice on their initiation of dialysis date or during the month of evaluation","HCPCS"
1552693,"M1259","Patients listed on the kidney-pancreas transplant waitlist or who received a living donor transplant within the first year following initiation of dialysis","HCPCS"
801382,"G0052","Patients on peritoneal dialysis for any portion of the reporting month","HCPCS"
1552695,"M1261","Patients that were on the kidney or kidney-pancreas waitlist prior to initiation of dialysis","HCPCS"
1552853,"M1262","Patients who had a transplant prior to initiation of dialysis","HCPCS"
1552859,"M1273","Patients who were admitted to a skilled nursing facility (snf) within one year of dialysis initiation according to the cms-2728 form","HCPCS"
1552694,"M1260","Patients who were not listed on the kidney-pancreas transplant waitlist or patients who did not receive a living donor transplant within the first year following initiation of dialysis","HCPCS"
2616983,"E1634","Peritoneal dialysis clamps, each","HCPCS"
40218706,"K0610","Peritoneal dialysis clamps, each (Deprecated)","HCPCS"
2615016,"A4870","Plumbing and/or electrical work for home hemodialysis equipment","HCPCS"
40217256,"G2129","Procedure-related bp's not taken during an outpatient visit. examples include same day surgery, ambulatory service center, g.i. lab, dialysis, infusion center, chemotherapy","HCPCS"
1552857,"M1269","Receiving esrd mcp dialysis services by the provider on the last day of the reporting month","HCPCS"
2616981,"E1630","Reciprocating peritoneal dialysis system","HCPCS"
40217401,"E1640","Replacement components for hemodialysis and/or peritoneal dialysis machines that are owned or being purchased by the patient (Deprecated)","HCPCS"
2616977,"E1610","Reverse osmosis water purification system, for hemodialysis","HCPCS"
2616469,"CB","Service ordered by a renal dialysis facility (rdf) physician as part of the esrd beneficiary's dialysis benefit, is not part of the composite rate, and is separately reimbursable","HCPCS"
2616985,"E1636","Sorbent cartridges, for hemodialysis, per 10","HCPCS"
40217660,"A4780","Sterilizing agent for dialysis equipment, per gallon (Deprecated)","HCPCS"
40217662,"A4880","Storage tanks utilized in connection with water purification system, replacement tanks for dialysis (Deprecated)","HCPCS"
801234,"E1629","Tablo hemodialysis system for the billable dialysis service","HCPCS"
2614995,"A4736","Topical anesthetic, for dialysis, per gram","HCPCS"
2615033,"A4929","Tourniquet for dialysis, each","HCPCS"
2614983,"A4714","Treated water (deionized, distilled, or reverse osmosis) for peritoneal dialysis, per gallon","HCPCS"
953238,"J3591","Unclassified drug or biological used for esrd on dialysis","HCPCS"
2616972,"E1580","Unipuncture control system for hemodialysis","HCPCS"
2617342,"G0257","Unscheduled or emergency dialysis treatment for an esrd patient in a hospital outpatient department that is not certified as an esrd facility","HCPCS"
2615027,"A4918","Venous pressure clamp, for hemodialysis, each","HCPCS"
2617440,"G0365","Vessel mapping of vessels for hemodialysis access (services for preoperative vessel mapping prior to creation of hemodialysis access using an autogenous hemodialysis conduit, including arterial inflow and venous outflow) (Deprecated)","HCPCS"
2616980,"E1625","Water softening system, for hemodialysis","HCPCS"
801384,"G0049","With maintenance hemodialysis (in-center and home hd) for the complete reporting month","HCPCS"
2786488,"3E1M39Z","Irrigation of Peritoneal Cavity using Dialysate, Percutaneous Approach","ICD10PCS"
43018325,"5A1D90Z","Performance of Urinary Filtration, Continuous, Greater than 18 hours Per Day","ICD10PCS"
43018323,"5A1D70Z","Performance of Urinary Filtration, Intermittent, Less than 6 Hours Per Day","ICD10PCS"
2788042,"5A1D60Z","Performance of Urinary Filtration, Multiple (Deprecated)","ICD10PCS"
43018324,"5A1D80Z","Performance of Urinary Filtration, Prolonged Intermittent, 6-18 hours Per Day","ICD10PCS"
2788041,"5A1D00Z","Performance of Urinary Filtration, Single (Deprecated)","ICD10PCS"
2002282,"39.95","Hemodialysis","ICD9Proc"
2003564,"54.98","Peritoneal dialysis","ICD9Proc"
40376653,"180267005","(Renal dialysis) or (Thomas intravascular dialysis shunt)","SNOMED"
3519900,"577721000000104","Accidental cut, puncture, perforation or haemorrhage during kidney dialysis or other perfusion","SNOMED"
36696034,"781084007","Accidental cut, puncture, perforation or hemorrhage during kidney dialysis","SNOMED"
40414907,"216877000","Accidental cut, puncture, perforation or hemorrhage during kidney dialysis or other perfusion","SNOMED"
762711,"430901000124109","Acute dialysis program","SNOMED"
4268532,"365399009","Adequacy of dialysis - finding","SNOMED"
4092504,"251869004","Adequacy of hemodialysis","SNOMED"
3521835,"261000124105","Adjustment of prescription for hemodialysis","SNOMED"
765777,"430931000124101","Air force dialysis program","SNOMED"
3559627,"856161000000105","Anaphylactoid reaction due to haemodialysis","SNOMED"
44809610,"854161000000102","Anaphylactoid reaction due to haemodialysis","SNOMED"
3545995,"863341000000109","Aneurysm of dialysis vascular access","SNOMED"
762713,"430921000124104","Army dialysis program","SNOMED"
4085920,"243778000","Arterial port blood sampling during hemodialysis","SNOMED"
4183419,"54817007","Arteriovenous shunt for renal dialysis by external cannula","SNOMED"
4206254,"440084005","Assessment of adequacy of dialysis","SNOMED"
42690436,"1076481000000109","Assessment of existing renal dialysis vascular access","SNOMED"
42690435,"1076461000000100","Assessment prior to construction of renal dialysis vascular access","SNOMED"
3525711,"266911000000107","Automated peritoneal dialysis","SNOMED"
4323627,"428648006","Automated peritoneal dialysis","SNOMED"
3570529,"231631000000105","Automated peritoneal dialysis","SNOMED"
4087232,"243777005","Blood sampling from hemodialysis circuit","SNOMED"
4128367,"236556004","Bloodstained peritoneal dialysis effluent","SNOMED"
3559658,"857581000000107","Bloodstained peritoneal dialysis effluent","SNOMED"
763090,"435971000124108","Body fluid specimen from peritoneal dialysis insertion site","SNOMED"
4147716,"310489004","Care of hemodialysis equipment","SNOMED"
762837,"432611000124102","Centers for Medicare and Medicaid Services approved special purpose dialysis program","SNOMED"
40486006,"446048008","Change of prescription for hemodialysis","SNOMED"
44811506,"366871000000101","Checking adequacy of dialysis","SNOMED"
4049322,"15859004","Chronic hemodialysis diet","SNOMED"
4021976,"225230008","Chronic peritoneal dialysis","SNOMED"
40483083,"442326005","Cloudy peritoneal dialysis effluent","SNOMED"
40376652,"180266001","Compensation for renal failure (& dialysis)","SNOMED"
37016584,"631000124104","Compliant with peritoneal dialysis prescription","SNOMED"
3525712,"266921000000101","Continuous ambulatory peritoneal dialysis","SNOMED"
4080169,"238318009","Continuous ambulatory peritoneal dialysis","SNOMED"
3542438,"706901000000104","Continuous ambulatory peritoneal dialysis associated peritonitis","SNOMED"
762479,"418011000124103","Continuous ambulatory peritoneal dialysis education","SNOMED"
4051328,"233579007","Continuous arteriovenous hemodialysis","SNOMED"
4049844,"233584001","Continuous arteriovenous hemofiltration","SNOMED"
4031315,"238319001","Continuous cycling peritoneal dialysis","SNOMED"
762481,"419011000124105","Continuous cycling peritoneal dialysis education","SNOMED"
4050863,"233578004","Continuous hemodialysis","SNOMED"
4052537,"233583007","Continuous hemofiltration","SNOMED"
37018292,"714749008","Continuous renal replacement therapy","SNOMED"
4051329,"233580005","Continuous venovenous hemodialysis","SNOMED"
4051330,"233585000","Continuous venovenous hemofiltration","SNOMED"
45772722,"704377006","Deficient knowledge of peritoneal dialysis","SNOMED"
46269984,"11000731000119102","Dependence on continuous ambulatory peritoneal dialysis","SNOMED"
37209515,"16320631000119104","Dependence on continuous ambulatory peritoneal dialysis due to end stage renal disease","SNOMED"
46269985,"11000771000119104","Dependence on continuous cycling peritoneal dialysis","SNOMED"
4179226,"429075005","Dependence on dialysis due to end stage renal disease","SNOMED"
40480136,"443143006","Dependence on hemodialysis","SNOMED"
4181476,"428982002","Dependence on hemodialysis due to end stage renal disease","SNOMED"
40482357,"443596009","Dependence on peritoneal dialysis","SNOMED"
4177685,"428937001","Dependence on peritoneal dialysis due to end stage renal disease","SNOMED"
3561568,"1050711000000105","Dependence on renal dialysis","SNOMED"
4019967,"105502003","Dependence on renal dialysis","SNOMED"
40540699,"360164000","Dialysis - action","SNOMED"
4230165,"406168002","Dialysis access maintenance","SNOMED"
4301680,"385971003","Dialysis care","SNOMED"
4300837,"385970002","Dialysis care assessment","SNOMED"
4300838,"385972005","Dialysis care education","SNOMED"
4300839,"385973000","Dialysis care management","SNOMED"
42537338,"736690008","Dialysis care plan","SNOMED"
761971,"251000124108","Dialysis care plan","SNOMED"
3547137,"938461000000107","Dialysis disequilibrium","SNOMED"
4300036,"385285004","Dialysis dosage form","SNOMED"
4090651,"251859005","Dialysis finding","SNOMED"
4032243,"108241001","Dialysis procedure","SNOMED"
763146,"436551000124103","Dialysis program certification pending","SNOMED"
765776,"430891000124105","Dialysis regime","SNOMED"
4199924,"53060006","Dialysis secretion of aqueous humor","SNOMED"
4051442,"20947001","Dialysis secretion of vitreous humor","SNOMED"
762724,"431051000124102","Dialysis service","SNOMED"
37157673,"1231460007","Dialysis system","SNOMED"
37111491,"726446003","Dialysis technique","SNOMED"
37398827,"1035471000000100","Dialysis therapy started by renal service","SNOMED"
37394586,"1035491000000101","Dialysis therapy stopped by renal service","SNOMED"
4302071,"418518002","Dialysis unit","SNOMED"
45771420,"704308002","Difficulty managing peritoneal dialysis","SNOMED"
3547136,"938451000000109","Disorder associated with dialysis","SNOMED"
3545917,"857571000000105","Disorders associated with peritoneal dialysis","SNOMED"
762836,"432601000124100","Durable medical equipment supplier dialysis program","SNOMED"
37167477,"1264557007","Education about continuous ambulatory peritoneal dialysis","SNOMED"
37164760,"1231767006","Education about nocturnal home hemodialysis","SNOMED"
46270933,"708932005","Emergency hemodialysis","SNOMED"
37396069,"715743002","Emergency hemofiltration","SNOMED"
37018686,"361000124100","Error in prescription for peritoneal dialysis","SNOMED"
3579207,"291421000000102","Extracorporeal albumin haemodialysis","SNOMED"
3526283,"284451000000108","Extracorporeal albumin haemodialysis","SNOMED"
4140589,"427053002","Extracorporeal albumin hemodialysis","SNOMED"
35624178,"766790006","Extracorporeal hemodialysis","SNOMED"
4224193,"341939001","Extracorporeal hemofiltration","SNOMED"
439631,"216933008","Failure of sterile precautions during kidney dialysis","SNOMED"
4101363,"300478000","Finding of measures of dialysis","SNOMED"
4128232,"236539007","First use syndrome of dialysis","SNOMED"
3545817,"855861000000106","First use syndrome of dialysis","SNOMED"
439634,"216904007","Foreign object left in body during kidney dialysis","SNOMED"
45772964,"707721003","Four hours after peritoneal dialysis","SNOMED"
45956871,"18682911000001103","Haemodialysis","SNOMED"
3537777,"640081000000105","Haemodialysis NEC","SNOMED"
44808938,"851261000000107","Haemodialysis care","SNOMED"
44808937,"851241000000106","Haemodialysis care management","SNOMED"
44808963,"851641000000108","Haemodialysis care plan","SNOMED"
44802886,"518231000000102","Haemodialysis needle gauge","SNOMED"
3546074,"867041000000101","Haemorrhage of dialysis arteriovenous shunt","SNOMED"
3546043,"865811000000103","Haemorrhage of dialysis vascular access","SNOMED"
40483349,"445384000","Hemodialysate specimen from hemodialysis machine using reverse osmosis system","SNOMED"
40483851,"445529007","Hemodialysate specimen from hemodialysis machine using water distribution system","SNOMED"
40350725,"27392003","Hemodialysis","SNOMED"
4120120,"302497006","Hemodialysis","SNOMED"
40513647,"309432002","Hemodialysis","SNOMED"
4080241,"180268000","Hemodialysis NEC","SNOMED"
45757799,"431000124102","Hemodialysis access site non-patent","SNOMED"
45757807,"441000124107","Hemodialysis access site patent","SNOMED"
37397639,"718330001","Hemodialysis care","SNOMED"
37397640,"718331002","Hemodialysis care assessment","SNOMED"
37397396,"718019005","Hemodialysis care management","SNOMED"
762179,"301000124101","Hemodialysis care plan","SNOMED"
42539065,"736375002","Hemodialysis care plan","SNOMED"
40625809,"75528009","Hemodialysis counseling","SNOMED"
4149813,"278904002","Hemodialysis diet","SNOMED"
4103072,"28812006","Hemodialysis education","SNOMED"
4245156,"59596005","Hemodialysis education at home","SNOMED"
45757693,"331000124109","Hemodialysis finding","SNOMED"
4329991,"224566003","Hemodialysis nurse","SNOMED"
608814,"27811000087103","Hemodialysis population","SNOMED"
4228125,"421503006","Hemodialysis route","SNOMED"
4300026,"385240000","Hemodialysis solution","SNOMED"
4300027,"385241001","Hemodialysis solution concentrate","SNOMED"
40487468,"446402005","Hemodialysis technique","SNOMED"
4195714,"67970008","Hemodialysis, maintenance at home","SNOMED"
4146649,"34897002","Hemodialysis, maintenance in hospital","SNOMED"
4286500,"68341005","Hemodialysis, supervision at home","SNOMED"
313232,"408667000","Hemodialysis-associated hypotension","SNOMED"
4050864,"233581009","Hemofiltration","SNOMED"
4303965,"419300007","Hemofiltration solution","SNOMED"
4099722,"292763000","Hemofiltration solution adverse reaction","SNOMED"
4167290,"294302005","Hemofiltration solution allergy","SNOMED"
42535587,"432621000124105","Hospital admission from dialysis facility","SNOMED"
763147,"436561000124101","Hospital-based dialysis facility","SNOMED"
3530452,"523491000000101","Inadequate dialysis blood flow","SNOMED"
40481167,"444887005","Inadequate flow to support prescribed dialysis blood flow","SNOMED"
45763579,"601000124107","Inadequate monitoring of dose delivery of peritoneal dialysis","SNOMED"
3564588,"371000124107","Increase blood flow for hemodialysis","SNOMED"
45769374,"708011004","Increase blood flow for hemodialysis","SNOMED"
46270524,"381000124105","Increase dialyzer size for hemodialysis","SNOMED"
45769371,"708008000","Increase exchange volume of peritoneal dialysis","SNOMED"
3521840,"531000124103","Increase exchange volume of peritoneal dialysis","SNOMED"
45757811,"451000124109","Increase in hemodialysis blood flow","SNOMED"
45757814,"461000124106","Increase in hemodialysis dialyzer size","SNOMED"
45763545,"471000124104","Increase in hemodialysis session time","SNOMED"
45769372,"708009008","Increase number of perfusion exchanges per 24 hours of peritoneal dialysis","SNOMED"
45769375,"708012006","Increase session time for hemodialysis","SNOMED"
3521837,"391000124108","Increase session time for hemodialysis","SNOMED"
3546071,"866961000000104","Infection of dialysis arteriovenous shunt","SNOMED"
3546042,"865791000000104","Infection of dialysis vascular access","SNOMED"
4238836,"57274006","Initial hemodialysis","SNOMED"
4051326,"233575001","Intermittent hemodialysis","SNOMED"
4050862,"233577009","Intermittent hemodialysis with continuous ultrafiltration","SNOMED"
4051327,"233576000","Intermittent hemodialysis with sequential ultrafiltration","SNOMED"
4050865,"233582002","Intermittent hemofiltration","SNOMED"
4080171,"238321006","Intermittent peritoneal dialysis","SNOMED"
4082257,"182753006","Intestinal dialysis","SNOMED"
40313137,"151056003","Intestinal dialysis","SNOMED"
45767079,"704376002","Knowledge level about peritoneal dialysis","SNOMED"
46273700,"708931003","Maintenance hemodialysis","SNOMED"
46270935,"708934006","Maintenance hemofiltration","SNOMED"
46271816,"710071003","Management of peritoneal dialysis","SNOMED"
40415172,"216978006","Mechanical failure of instrument &/or apparatus during kidney dialysis","SNOMED"
443273,"269698004","Mechanical failure of instrument or apparatus during kidney dialysis","SNOMED"
3567357,"699851000000107","Mechanical failure of instrument or apparatus during kidney dialysis and other perfusion","SNOMED"
4314662,"216977001","Mechanical failure of instrument or apparatus during kidney dialysis and other perfusion","SNOMED"
43021420,"473193004","Mode of dialysis access by patient choice","SNOMED"
762712,"430911000124107","Navy dialysis program","SNOMED"
4030834,"238323009","Night-time intermittent peritoneal dialysis","SNOMED"
37155982,"48781000175105","Nocturnal dialysis","SNOMED"
37157733,"1231768001","Nocturnal home hemodialysis","SNOMED"
4086740,"241951000","Non-allergic hypersensitivity reaction caused by dialysis membrane","SNOMED"
4030678,"236540009","Non-allergic hypersensitivity reaction during dialysis","SNOMED"
46270032,"125141000119102","Non-compliance with renal dialysis","SNOMED"
37016593,"641000124109","Non-compliant with peritoneal dialysis prescription","SNOMED"
3546052,"866091000000109","Occlusion of dialysis arteriovenous shunt","SNOMED"
3546041,"865771000000103","Occlusion of dialysis vascular access","SNOMED"
45769138,"707723000","One day after peritoneal dialysis","SNOMED"
37312110,"789741000","Outpatient dialysis treatment facility","SNOMED"
40490438,"448535008","Outpatient freestanding dialysis treatment facility","SNOMED"
762572,"429091000124105","Palliative dialysis","SNOMED"
3557225,"523461000000107","Patient choice of dialysis access","SNOMED"
4269439,"364668008","Perfusion / dialysis observable","SNOMED"
4147708,"310435001","Perfusion and dialysis finding","SNOMED"
40357901,"271362003","Perfusion and dialysis procedures","SNOMED"
40313125,"151045003","Perfusion and dialysis procedures","SNOMED"
4324124,"71192002","Peritoneal dialysis","SNOMED"
40313136,"151055004","Peritoneal dialysis","SNOMED"
3564238,"233181000000101","Peritoneal dialysis NEC","SNOMED"
3578645,"266931000000104","Peritoneal dialysis NEC","SNOMED"
4020891,"225229003","Peritoneal dialysis bag procedure","SNOMED"
37397621,"718308002","Peritoneal dialysis care","SNOMED"
37397337,"717738008","Peritoneal dialysis care assessment","SNOMED"
765566,"311000124103","Peritoneal dialysis care plan","SNOMED"
601174,"462441000124108","Peritoneal dialysis care plan","SNOMED"
40624574,"68648006","Peritoneal dialysis counseling","SNOMED"
4280208,"66402002","Peritoneal dialysis education","SNOMED"
4032775,"14684005","Peritoneal dialysis excluding cannulation","SNOMED"
45770916,"341000124104","Peritoneal dialysis finding","SNOMED"
4195534,"676002","Peritoneal dialysis including cannulation","SNOMED"
45771047,"651000124106","Peritoneal dialysis prescription compliance","SNOMED"
4224243,"421032001","Peritoneal dialysis route","SNOMED"
4304314,"387191005","Peritoneal dialysis solution","SNOMED"
4300025,"385238005","Peritoneal dialysis solution","SNOMED"
4099721,"292761003","Peritoneal dialysis solution adverse reaction","SNOMED"
4163947,"294300002","Peritoneal dialysis solution allergy","SNOMED"
40486068,"447693007","Peritoneal dialysis technique","SNOMED"
4135982,"263529000","Peritoneal dialysis used","SNOMED"
4019623,"115500004","Post-dialysis","SNOMED"
42537068,"736190007","Post-dialysis target weight","SNOMED"
4019622,"115499008","Pre-dialysis","SNOMED"
4022107,"225283000","Priming hemodialysis lines","SNOMED"
762714,"430941000124106","Prison dialysis program","SNOMED"
4021025,"225228006","Putting additive into peritoneal dialysis bag","SNOMED"
4152005,"282828000","Recirculation of the dialysis machine","SNOMED"
4218333,"417038009","Referral for dialysis","SNOMED"
4146536,"265764009","Renal dialysis","SNOMED"
40313128,"151048001","Renal dialysis (& hemodialysis)","SNOMED"
40348035,"266809003","Renal dialysis (& hemodialysis)","SNOMED"
3561478,"1035481000000103","Renal dialysis therapy started","SNOMED"
3561479,"1035501000000107","Renal dialysis therapy stopped","SNOMED"
37016665,"712754003","Replacement of continuous ambulatory peritoneal dialysis transfer set","SNOMED"
40487114,"449394000","Replacement of peritoneal dialysis transfer set","SNOMED"
45763570,"571000124100","Requires additional education about peritoneal dialysis","SNOMED"
4021014,"225281003","Reversing hemodialysis lines","SNOMED"
4076634,"224967001","Revision of cannula for dialysis","SNOMED"
3546077,"867101000000103","Rupture of dialysis arteriovenous shunt","SNOMED"
3546044,"865831000000106","Rupture of dialysis vascular access","SNOMED"
3545834,"856191000000104","Ruptured aneurysm of dialysis vascular access","SNOMED"
762723,"431041000124104","Satellite dialysis facility","SNOMED"
4081569,"241103007","Skeletal survey - dialysis","SNOMED"
4081570,"241104001","Skeletal survey - dialysis follow-up","SNOMED"
4172973,"424211001","Solution for hemofiltration","SNOMED"
4020892,"225231007","Stab peritoneal dialysis","SNOMED"
4002872,"11932001","Stabilizing hemodialysis","SNOMED"
44783963,"698074000","Sustained low-efficiency dialysis","SNOMED"
4080172,"238322004","Tidal peritoneal dialysis","SNOMED"
35609512,"1082851000000108","Treatment Escalation Plan decision - appropriate for dialysis","SNOMED"
35609513,"1082861000000106","Treatment Escalation Plan decision - not appropriate for dialysis","SNOMED"
45769137,"707722005","Twelve hours after peritoneal dialysis","SNOMED"
45769136,"707720002","Two hours after peritoneal dialysis","SNOMED"
4137660,"263636009","Type of hemodialysis","SNOMED"
4086914,"243779008","Venous port blood sampling during hemodialysis","SNOMED"
762715,"430951000124108","Veteran's administration dialysis program","SNOMED"
4021037,"225282005","Washing back through hemodialysis lines","SNOMED"
